{"train_losses": [3.960658311843872, 3.28202748298645, 2.4981479048728943, 1.8838022202253342, 1.5004183103640873, 1.1745408574740093, 0.9065566932161649, 0.733289028207461, 0.5925464630126953, 0.5006892122328281, 0.4202069453895092, 0.3622078100840251, 0.30506307321290177, 0.26742400663594407, 0.24672552136083445, 0.2260504700243473, 0.1992224045097828, 0.19157931798448166, 0.17230643766621748, 0.15163564728572965], "val_losses": [3.3751604897635326, 2.783207654953003, 2.675855244909014, 2.560481446129935, 2.4606253249304637, 2.465073721749442, 2.5169303757803783, 2.3941166741507396, 2.3750302961894443, 2.4021593843187605, 2.4143624305725098, 2.372503297669547, 2.4013392073767528, 2.419145243508475, 2.320256607873099, 2.356377192905971, 2.3473641957555498, 2.5530692509242465, 2.3548619406563893, 2.348003080912999]}