{"train_losses": [4.156290769577026, 4.108037690321605, 4.025142987569173, 3.9321220219135284, 3.8258715669314065, 3.7154768208662667, 3.597888598839442, 3.4766299525896707, 3.364474763472875, 3.2288336952527366, 3.0901154478391013, 2.9436902006467185, 2.796512613693873, 2.669053037961324, 2.543895979722341, 2.430434455474218, 2.3480357627073922, 2.221596191326777, 2.0891131361325583, 1.9553351153930028, 1.8227355827887852, 1.6983031431833904, 1.582830900947253, 1.472429871559143, 1.3709344516197841, 1.291324610511462, 1.2062389055887859, 1.105401801566283, 1.0512882346908252, 0.9859270006418228, 0.9562614560127258, 0.9239690899848938, 0.9150418440500895, 0.9250139643748602, 0.9061588793992996, 0.8858407164613405, 0.8880983665585518, 0.8759240532914797, 0.8804450780153275], "val_losses": [3.9338900361742293, 3.866833141871861, 3.773838758468628, 3.670963627951486, 3.567371674946376, 3.464266674859183, 3.36934072630746, 3.2796321596418108, 3.1915649686540877, 3.101523229054042, 3.020975112915039, 2.9453657184328352, 2.866602029119219, 2.801357388496399, 2.743226017270769, 2.72772947379521, 2.7371319362095425, 2.7012660843985423, 2.631690638405936, 2.553326572690691, 2.531981945037842, 2.5283773286002025, 2.515019348689488, 2.5254026310784474, 2.4835223811013356, 2.50327890259879, 2.477717433656965, 2.6192427022116527, 2.5084848744528636, 2.5041042736598422, 2.5048288106918335, 2.470064333506993, 2.47091737815312, 2.466944932937622, 2.469031640461513, 2.4689552102770125, 2.4703643832887923, 2.4699595996311734, 2.469837256840297]}