{"train_losses": [4.134601652622223, 3.960181325674057, 3.415177504221598, 2.787967393795649, 2.4435593088467917, 2.184008374810219, 2.0150480618079505, 1.8322911063830059, 1.7239850908517838, 1.5936616311470668, 1.5043718914190929, 1.4066743850708008, 1.2886770069599152, 1.2343854308128357, 1.1619995882113774, 1.0958232656121254, 1.0249550640583038, 0.9690212781230608, 0.9103087186813354, 0.8514856025576591], "val_losses": [3.882744005748204, 3.521449634007045, 2.8998529570443288, 2.3788512434278215, 2.2105259895324707, 2.1210651227406094, 2.055882624217442, 2.0157504762922014, 1.9776087829044886, 1.9495825256620134, 1.9157263551439558, 1.8898282051086426, 1.8653757572174072, 1.8500206811087472, 1.8516760553632463, 1.8295491933822632, 1.8247885363442558, 1.8212181500026159, 1.8191828727722168, 1.8206979376929147]}