{"train_losses": [3.7907981673876443, 3.001134773095449, 2.426216353972753, 2.0151813675959906, 1.6517538279294968, 1.4376773337523143, 1.0964144791165988, 0.7806325977047285, 0.6575857525070509, 0.5647501312196255, 0.48832109073797864, 0.43976013238231343, 0.4271923899650574], "val_losses": [3.1496478489467075, 2.854238373892648, 2.6059838192803517, 2.7554803575788225, 2.892360176358904, 3.3659747668675015, 2.5728182792663574, 2.524416616984776, 2.542059898376465, 2.602155566215515, 2.6213513612747192, 2.634480834007263, 2.6476471424102783]}