{"train_losses": [4.12297389904658, 3.889874388774236, 3.491378198067347, 2.950565755367279, 2.6227515240510306, 2.447535882393519, 2.2847375869750977, 2.1715791821479797, 2.0851748983065286, 2.004861439267794, 1.9299717744191487, 1.856062650680542, 1.8123065729935963, 1.7534731725851695, 1.7070450683434804, 1.658281644185384, 1.6131919870773952, 1.5783765316009521, 1.5272134691476822, 1.4958009123802185], "val_losses": [3.8194094385419572, 3.547569445201329, 3.000788296972002, 2.5770577022007535, 2.427209104810442, 2.338803155081613, 2.275867359978812, 2.2291696752820696, 2.1939899580819264, 2.1591119255338396, 2.1354049273899625, 2.114965626171657, 2.09404194355011, 2.0806529011045183, 2.0652426992143904, 2.052595479147775, 2.043804883956909, 2.03481582232884, 2.027926138469151, 2.020788618496486]}