{"train_losses": [3.9703622261683145, 3.2757062514623008, 2.455880989631017, 1.8143672198057175, 1.4053730169932048, 1.1000044246514638, 0.8672290494044622, 0.7146250233054161, 0.6038416350881258, 0.47143534074227017, 0.385475975771745, 0.331443777307868, 0.2973834772904714, 0.2791364515821139, 0.26458469840387505, 0.25801941007375717, 0.24223483788470426, 0.24090913000206152, 0.23840133845806122], "val_losses": [3.398137467248099, 2.8027583020074025, 2.7222017220088413, 2.455386791910444, 2.536026750292097, 2.5870063645499095, 2.3404614414487566, 2.4052987779889787, 2.413516470364162, 2.4190864903586253, 2.263586027281625, 2.251715591975621, 2.2585975783211842, 2.242379307746887, 2.247118813650949, 2.2604996817452565, 2.262354748589652, 2.2608354772840227, 2.259773305484227]}