{"train_losses": [4.13683142264684, 3.9572420616944632, 3.4172595342000327, 2.7678170800209045, 2.4137084583441415, 2.174102475245794, 1.999647930264473, 1.8624590585629146, 1.7359040528535843, 1.6117024570703506, 1.4912057369947433, 1.4097078094879787, 1.3394875675439835, 1.2372473080952961, 1.1637404983242352, 1.093441754579544, 1.0235471179087956, 0.969408760468165, 0.9154030382633209, 0.8485370179017385], "val_losses": [3.881741966520037, 3.5211294378553117, 2.904500654765538, 2.381249257496425, 2.2097070728029524, 2.126657792500087, 2.05767445904868, 2.0134997367858887, 1.970677171434675, 1.9287125212805611, 1.9129620620182581, 1.887850250516619, 1.864977172442845, 1.8555649348667689, 1.8403587341308594, 1.8229107686451502, 1.8181239366531372, 1.8128267186028617, 1.801493797983442, 1.8078463758741106]}